{
  "Random Forest": {
    "acc_test": 46.23,
    "acc_102": 32.9
  },
  "KNN": {
    "acc_test": 33.98,
    "acc_102": 24.4
  },
  "Linear Model": {
    "acc_test": 39.09,
    "acc_102": 28.549999999999997
  },
  "AdaBoost": {
    "acc_test": 28.310000000000002,
    "acc_102": 22.900000000000002
  },
  "Random Features": {
    "acc_test": 9.66,
    "acc_102": 10.549999999999999
  },
  "Neural Network": {
    "acc_test": 46.48999869823456,
    "acc_102": 35.350000858306885
  }
}